feature,importance
MonthlyCharges,39976
TotalCharges,28866
tenure,20068
gender_Male,5254
PaperlessBilling,3969
PaymentMethod_Electronic check,2927
Partner,2918
Dependents,2044
SeniorCitizen,1934
PaymentMethod_Mailed check,1893
OnlineBackup,1884
MultipleLines,1805
DeviceProtection,1747
OnlineSecurity,1460
PaymentMethod_Credit card (automatic),1376
Contract_One year,1317
TechSupport,1312
StreamingTV,1272
StreamingMovies,1248
PhoneService,642
InternetService_Fiber optic,493
Contract_Two year,470
InternetService_No,117
